[ {
  "telefonnummer" : "123456789",
  "navn" : "Ola Nordman",
  "passord" : "findparking",
  "annonserId" : [ 0, 2, 4 ],
  "annonser" : [ {
    "telefonnummer" : null,
    "navn" : "Ola Nordman",
    "passord" : null,
    "annonserId" : null,
    "annonser" : [ ],
    "beskrivelse" : "Dorime noe rart beskrivelse",
    "kommentarer" : null,
    "antallPlasser" : 0,
    "pris" : 50,
    "pictureUrl" : "https://mediadc.brightspotcdn.com/dims4/default/7911b12/2147483647/strip/true/crop/2290x1322+0+0/resize/2290x1322!/quality/90/?url=https%3A%2F%2Fmediadc.brightspotcdn.com%2F62%2F05%2Fbbcbb53c660de0e2576a8de0491d%2Fe023efc13eb249b7634a4046b6fe6800.jpg",
    "id" : 0,
    "tittel" : "En fin plass i Moss",
    "adresse" : "Mosseporten 20",
    "epost" : null,
    "sted" : "Moss"
  }, {
    "telefonnummer" : null,
    "navn" : "Admin",
    "passord" : null,
    "annonserId" : null,
    "annonser" : [ ],
    "beskrivelse" : "Dette er annonse 1 i Oslo",
    "kommentarer" : null,
    "antallPlasser" : 0,
    "pris" : 20,
    "pictureUrl" : "https://www.goturpin.com/pages/news-and-announcements/image/section-image/parking-8.jpg",
    "id" : 2,
    "tittel" : "Billig plass i Rakkestad",
    "adresse" : "Haldenveien 1374",
    "epost" : null,
    "sted" : "Rakkestad"
  }, {
    "telefonnummer" : null,
    "navn" : "Admin",
    "passord" : null,
    "annonserId" : null,
    "annonser" : [ ],
    "beskrivelse" : "Dette er annonse 1 i Oslo",
    "kommentarer" : null,
    "antallPlasser" : 0,
    "pris" : 200,
    "pictureUrl" : "https://www.goturpin.com/pages/news-and-announcements/image/section-image/parking-8.jpg",
    "id" : 4,
    "tittel" : "Billig plass i Oslo",
    "adresse" : "Kongsgate 10",
    "epost" : null,
    "sted" : "Oslo"
  }],
  "adresse" : "Adresse 12B",
  "epost" : "find@parking.no",
  "sted" : null
}, {
  "telefonnummer" : "99998877",
  "navn" : "Admin",
  "passord" : "admin",
  "annonserId" : [ 1, 3 ],
  "annonser" : [ {
    "telefonnummer" : null,
    "navn" : "Ola Nordman",
    "passord" : null,
    "annonserId" : null,
    "annonser" : [ ],
    "beskrivelse" : "Dette er annonse 2 beskrivelse",
    "kommentarer" : null,
    "antallPlasser" : 0,
    "pris" : 20,
    "pictureUrl" : "https://www.goturpin.com/pages/news-and-announcements/image/section-image/parking-8.jpg",
    "id" : 1,
    "tittel" : "Billig plass i Sarpsborg",
    "adresse" : "Sarpeveien 19",
    "epost" : null,
    "sted" : "Sarpsborg"
  }, {
    "telefonnummer" : null,
    "navn" : "Ola Nordman",
    "passord" : null,
    "annonserId" : null,
    "annonser" : [ ],
    "beskrivelse" : "TASIDGHIUASDHIAUOSHDIOUAS",
    "kommentarer" : null,
    "antallPlasser" : 0,
    "pris" : 10,
    "pictureUrl" : "https://cdn.abcotvs.com/dip/images/5896174_013120-kgo-parking-spot-img_Image_00-00-59,06.jpg?w=1600",
    "id" : 3,
    "tittel" : "En annen plass i Halden",
    "adresse" : "Solveien 12C",
    "epost" : null,
    "sted" : "Halden"
  }],
  "adresse" : "Adresse 10C",
  "epost" : "admin",
  "sted" : null
} ]