[ {
  "name" : "Viken",
  "annonser" : [ {
    "telefonnummer" : null,
    "navn" : "Ola Nordman",
    "beskrivelse" : "Dorime noe rart beskrivelse",
    "kommentarer" : null,
    "antallPlasser" : 0,
    "pris" : 50,
    "pictureUrl" : "https://mediadc.brightspotcdn.com/dims4/default/7911b12/2147483647/strip/true/crop/2290x1322+0+0/resize/2290x1322!/quality/90/?url=https%3A%2F%2Fmediadc.brightspotcdn.com%2F62%2F05%2Fbbcbb53c660de0e2576a8de0491d%2Fe023efc13eb249b7634a4046b6fe6800.jpg",
    "id" : 0,
    "tittel" : "En fin plass i Halden",
    "adresse" : "Adresse 12B",
    "epost" : null
  }, {
    "telefonnummer" : null,
    "navn" : "Ola Nordman",
    "beskrivelse" : "Dette er annonse 2 beskrivelse",
    "kommentarer" : null,
    "antallPlasser" : 0,
    "pris" : 20,
    "pictureUrl" : "https://www.goturpin.com/pages/news-and-announcements/image/section-image/parking-8.jpg",
    "id" : 1,
    "tittel" : "Billig plass i Halden",
    "adresse" : "Adresse 12B",
    "epost" : null
  } ]
} ]