[ {
  "pictureUrl" : "https://itstud.hiof.no/~kristoss/secondYear/finnParking/views/media/viken.jpg",
  "annonser" : [ {
    "telefonnummer" : null,
    "beskrivelse" : "Dorime noe rart beskrivelse",
    "tittel" : "En fin plass i Moss",
    "pris" : 50.0,
    "pictureUrl" : "https://mediadc.brightspotcdn.com/dims4/default/7911b12/2147483647/strip/true/crop/2290x1322+0+0/resize/2290x1322!/quality/90/?url=https%3A%2F%2Fmediadc.brightspotcdn.com%2F62%2F05%2Fbbcbb53c660de0e2576a8de0491d%2Fe023efc13eb249b7634a4046b6fe6800.jpg",
    "id" : 0,
    "status" : false,
    "adresse" : "Mosseporten 20",
    "sted" : "Moss",
    "epost" : null
  }, {
    "telefonnummer" : null,
    "beskrivelse" : "Dette er annonse 2 beskrivelse",
    "tittel" : "Billig plass i Sarpsborg",
    "pris" : 20.0,
    "pictureUrl" : "https://www.goturpin.com/pages/news-and-announcements/image/section-image/parking-8.jpg",
    "id" : 1,
    "status" : false,
    "adresse" : "Sarpeveien 19",
    "sted" : "Sarpsborg",
    "epost" : null
  }, {
    "telefonnummer" : null,
    "beskrivelse" : "Dette er annonse 1 i Oslo",
    "tittel" : "Billig plass i Rakkestad",
    "pris" : 20.0,
    "pictureUrl" : "https://www.goturpin.com/pages/news-and-announcements/image/section-image/parking-8.jpg",
    "id" : 2,
    "status" : false,
    "adresse" : "Haldenveien 1374",
    "sted" : "Rakkestad",
    "epost" : null
  }, {
    "telefonnummer" : null,
    "beskrivelse" : "TASIDGHIUASDHIAUOSHDIOUAS",
    "tittel" : "En annen plass i Halden",
    "pris" : 10.0,
    "pictureUrl" : "https://cdn.abcotvs.com/dip/images/5896174_013120-kgo-parking-spot-img_Image_00-00-59,06.jpg?w=1600",
    "id" : 3,
    "status" : false,
    "adresse" : "Solveien 12C",
    "sted" : "Halden",
    "epost" : null
  }, {
    "telefonnummer" : null,
    "beskrivelse" : null,
    "tittel" : null,
    "pris" : 10.0,
    "pictureUrl" : null,
    "id" : 0,
    "status" : false,
    "adresse" : null,
    "sted" : null,
    "epost" : null
  }, {
    "telefonnummer" : null,
    "beskrivelse" : null,
    "tittel" : null,
    "pris" : 10.0,
    "pictureUrl" : null,
    "id" : 0,
    "status" : false,
    "adresse" : null,
    "sted" : null,
    "epost" : null
  }, {
    "telefonnummer" : null,
    "beskrivelse" : null,
    "tittel" : null,
    "pris" : 10.0,
    "pictureUrl" : null,
    "id" : 1,
    "status" : false,
    "adresse" : null,
    "sted" : null,
    "epost" : null
  }, {
    "telefonnummer" : null,
    "beskrivelse" : "asdasd",
    "tittel" : "twrasd",
    "pris" : 10.0,
    "pictureUrl" : "https://www.1231asdasdaa2fa.no",
    "id" : 0,
    "status" : false,
    "adresse" : "asdasd",
    "sted" : "asd",
    "epost" : null
  } ],
  "name" : "Viken"
}, {
  "pictureUrl" : "https://itstud.hiof.no/~kristoss/secondYear/finnParking/views/media/oslo.jpg",
  "annonser" : [ {
    "telefonnummer" : null,
    "beskrivelse" : "Dette er annonse 1 i Oslo",
    "tittel" : "Billig plass i Oslo",
    "pris" : 200.0,
    "pictureUrl" : "https://www.goturpin.com/pages/news-and-announcements/image/section-image/parking-8.jpg",
    "id" : 4,
    "status" : false,
    "adresse" : "Kongsgate 10",
    "sted" : "Oslo",
    "epost" : null
  } ],
  "name" : "Oslo"
} ]